,tumor_p_val,tumor_avg_log2FC,tumor_pct.1,tumor_pct.2,tumor_p_val_adj
ANLN,0,1.18620326561019,0.408,0.005,0
APOBEC3B,0,0.506583457497108,0.178,0.001,0
ARHGAP11A,0,0.808479445524552,0.276,0.003,0
ASF1B,0,1.03306191890277,0.387,0.007,0
ASPM,0,1.42679212809069,0.436,0.003,0
AURKB,0,1.01389455316876,0.334,0.002,0
