,healthy_p_val,healthy_avg_log2FC,healthy_pct.1,healthy_pct.2,healthy_p_val_adj,tumor_p_val,tumor_avg_log2FC,tumor_pct.1,tumor_pct.2,tumor_p_val_adj,max_pval,minimump_p_val
TFF3,1.68919726660194e-171,4.67453140945069,1,0.004,2.37264648066908e-167,0,3.17362620745426,0.96,0.013,0,1.68919726660194e-171,0
CCL21,6.04424263591586e-150,4.88602657809258,1,0.014,8.48974320640742e-146,0,4.08932613799361,0.977,0.016,0,6.04424263591586e-150,0
LYVE1,3.597147182092e-140,3.7397144413996,0.854,0.005,5.05255293196643e-136,0,1.88865607547328,0.694,0.13,0,3.597147182092e-140,0
EFEMP1,5.01832592489408e-74,2.8577525101187,0.521,0.008,7.04874059410622e-70,0,2.45341498897424,0.776,0.066,0,5.01832592489408e-74,0
MMRN1,1.25894959207036e-71,3.16153724985045,0.979,0.103,1.76832059702203e-67,0,1.77323896008414,0.929,0.268,0,1.25894959207036e-71,0
SCNN1B,7.72364039950239e-60,2.4410611875374,0.375,0.003,1.08486253051411e-55,0,0.791638162532,0.196,0.005,0,7.72364039950239e-60,0
