,healthy_p_val,healthy_avg_log2FC,healthy_pct.1,healthy_pct.2,healthy_p_val_adj,tumor_p_val,tumor_avg_log2FC,tumor_pct.1,tumor_pct.2,tumor_p_val_adj,max_pval,minimump_p_val
SEMA3G,4.4375412939577e-68,2.34663258838329,0.388,0,6.23297050149298e-64,0,2.01103509275829,0.719,0.02,0,4.4375412939577e-68,0
FBLN5,1.08731647888811e-62,2.46243043745207,0.418,0.005,1.52724472624623e-58,0,2.11852760472453,0.601,0.011,0,1.08731647888811e-62,0
PPP1R14A,5.19439522217828e-50,2.19543953299812,0.328,0.004,7.29604752907161e-46,0,1.05947991373188,0.248,0.009,0,5.19439522217828e-50,0
GJA5,3.02499608313363e-49,2.34022552301336,0.358,0.008,4.24890949836949e-45,0,1.98098717291881,0.608,0.017,0,3.02499608313363e-49,0
GJA4,1.43799759219264e-42,2.15080911609512,0.358,0.013,2.01981141799378e-38,0,2.40358723942829,0.835,0.068,0,1.43799759219264e-42,0
ARL15,2.50935380647985e-33,2.01717192990006,0.493,0.055,3.5246383565816e-29,0,1.46280898590564,0.74,0.203,0,2.50935380647985e-33,0
