,healthy_p_val,healthy_avg_log2FC,healthy_pct.1,healthy_pct.2,healthy_p_val_adj,tumor_p_val,tumor_avg_log2FC,tumor_pct.1,tumor_pct.2,tumor_p_val_adj,max_pval,minimump_p_val
LYVE1,6.35474598337929e-66,-2.83150607890634,0.005,0.427,9.09046412922408e-62,0.157965597140535,-0.748365270169278,0,0.168,1,0.157965597140535,1.27094919667587e-65
FN1,1.130381181465e-39,-2.13060821787233,0.019,0.354,1.61701028008568e-35,0.0135665651239677,-1.67398162121314,0,0.399,1,0.0135665651239677,2.26076236292999e-39
ACKR1,3.07996326752671e-36,3.29227477392428,0.808,0.042,4.40588745419696e-32,0.0318335340905805,0.687337813766837,0.9,0.591,1,0.0318335340905805,6.15992653505343e-36
EFEMP1,1.50659448916743e-34,-2.02431720777282,0.008,0.26,2.15518341675401e-30,0.258691195090976,-0.859028656737614,0,0.114,1,0.258691195090976,3.01318897833487e-34
CD74,2.94009276317229e-34,1.06528307840111,0.999,0.604,4.20580269771796e-30,0.00892611571584409,0.537584698362256,1,0.9,1,0.00892611571584409,5.88018552634457e-34
AQP1,2.21727353709121e-33,2.14866188520383,0.821,0.198,3.17180979480898e-29,0.0296460008331602,0.409751923415464,0.9,0.823,1,0.0296460008331602,4.43454707418241e-33
