,healthy_p_val,healthy_avg_log2FC,healthy_pct.1,healthy_pct.2,healthy_p_val_adj,tumor_p_val,tumor_avg_log2FC,tumor_pct.1,tumor_pct.2,tumor_p_val_adj,max_pval,minimump_p_val
TFF3,1.6891972666016e-171,4.67415515910316,1,0.004,2.41639668987359e-167,0,3.17244368510894,0.959,0.013,0,1.6891972666016e-171,0
CCL21,6.04424263591698e-150,4.88563759821594,1,0.014,8.64628909067924e-146,0,4.08934701403866,0.976,0.016,0,6.04424263591698e-150,0
LYVE1,3.59714718209168e-140,3.73932616523946,0.854,0.005,5.14571904398215e-136,0,1.88684269776162,0.694,0.13,0,3.59714718209168e-140,0
EFEMP1,5.01832592489408e-74,2.85753597186554,0.521,0.008,7.17871523556098e-70,0,2.46047239912448,0.776,0.066,0,5.01832592489408e-74,0
MMRN1,1.23671955404922e-71,3.16124722979196,0.979,0.103,1.7691273220674e-67,0,1.77357745765262,0.93,0.267,0,1.23671955404922e-71,0
SCNN1B,7.72364039950104e-60,2.44090762661477,0.375,0.003,1.10486675914862e-55,0,0.790107069447049,0.196,0.005,0,7.72364039950104e-60,0
