,healthy_p_val,healthy_avg_log2FC,healthy_pct.1,healthy_pct.2,healthy_p_val_adj,tumor_p_val,tumor_avg_log2FC,tumor_pct.1,tumor_pct.2,tumor_p_val_adj,max_pval,minimump_p_val
PRCP,0.341728429756747,-0.477159569050283,0.364,0.438,1,1.67380700804361e-218,0.468396387265581,0.97,0.79,2.35102932349805e-214,0.341728429756747,3.34761401608727e-218
CLDN5,0.0214205830623804,-1.25127203934836,0.182,0.577,1,8.10782091136276e-189,-0.773749746461407,0.572,0.773,1.13882452521001e-184,0.0214205830623804,1.62156418227259e-188
CLU,0.0305256609400848,-1.20952875146213,0.182,0.589,1,2.14115524316784e-183,-1.39787566921771,0.268,0.535,3.00746665455355e-179,0.0305256609400848,4.28231048633568e-183
PCDH17,0.0879116312545709,0.791749257366996,0.364,0.173,1,1.01214930785725e-160,0.531792696678764,0.859,0.606,1.42166491781629e-156,0.0879116312545709,2.02429861571451e-160
RAMP3,0.0678162997946573,0.571941349806437,0.818,0.509,1,3.48319050117403e-159,0.417123368417291,0.974,0.779,4.89248937794905e-155,0.0678162997946573,6.96638100234825e-159
TFPI,0.0550888741133035,-1.49131397624057,0.091,0.38,1,3.20522981488492e-152,-0.912105811767612,0.37,0.593,4.50206579798736e-148,0.0550888741133035,6.41045962976972e-152
