,tumor_p_val,tumor_avg_log2FC,tumor_pct.1,tumor_pct.2,tumor_p_val_adj
ANLN,0,1.21123410402737,0.421,0.005,0
APOBEC3B,0,0.500226335105032,0.177,0.001,0
ARHGAP11A,0,0.815264916425323,0.278,0.004,0
ASF1B,0,1.00195312304016,0.37,0.008,0
ASPM,0,1.46095431368444,0.453,0.003,0
AURKB,0,1.03685059289828,0.345,0.002,0
