,tumor_p_val,tumor_avg_log2FC,tumor_pct.1,tumor_pct.2,tumor_p_val_adj
ACKR1,0,-1.58286001919666,0.251,0.677,0
ADGRF5,0,0.811439800553549,0.845,0.477,0
ADIRF,0,-1.95789898328128,0.106,0.622,0
ANGPT2,0,1.22187900541671,0.686,0.259,0
ANGPTL2,0,1.11360782463873,0.693,0.249,0
APCDD1,0,1.05659977556639,0.499,0.154,0
