,tumor_p_val,tumor_avg_log2FC,tumor_pct.1,tumor_pct.2,tumor_p_val_adj
CD74,8.06797983428398e-209,0.581743478611802,1,0.892,1.15412451529432e-204
HLA-DRA,8.86373533026684e-205,0.835358919380023,0.989,0.67,1.26795733899467e-200
HLA-DPA1,8.44132599554447e-202,0.818209087864703,0.969,0.711,1.20753168366264e-197
HLA-DRB1,4.74380822378433e-196,0.695434078856432,0.994,0.796,6.78601766412349e-192
ACKR1,2.677639906066e-191,0.92512602367956,0.939,0.565,3.83036388562742e-187
IGFBP4,6.82924494129043e-178,0.42204970358858,0.993,0.965,9.76923488851595e-174
