,tumor_p_val,tumor_avg_log2FC,tumor_pct.1,tumor_pct.2,tumor_p_val_adj
ADIRF,0,1.4323210735499,0.991,0.492,0
AKR1C1,0,1.65259724266618,0.496,0.047,0
CEBPD,0,1.76390323486124,0.974,0.4,0
CLU,0,1.75705063039592,0.998,0.454,0
CPE,0,2.37205332174241,0.782,0.093,0
CYP1B1,0,1.88794472728985,0.805,0.189,0
