,healthy_p_val,healthy_avg_log2FC,healthy_pct.1,healthy_pct.2,healthy_p_val_adj,tumor_p_val,tumor_avg_log2FC,tumor_pct.1,tumor_pct.2,tumor_p_val_adj,max_pval,minimump_p_val
MMP2,0.00435819048450964,1.32690171304828,0.333,0.032,1,0,-1.23732984603155,0.188,0.601,0,0.00435819048450964,0
COL4A2,0.0245813644839765,1.37977979212142,0.667,0.15,1,0,-0.822269213216433,0.691,0.857,0,0.0245813644839765,0
RND1,0.0804077250626273,0.921221314964156,0.667,0.177,1,0,0.921637460802209,0.864,0.497,0,0.0804077250626273,0
IGFBP4,0.0934235676940804,-0.306296082080178,1,0.899,1,0,0.334483648506869,0.992,0.958,0,0.0934235676940804,0
SELE,0.107350536246577,1.19439900490568,0.667,0.328,1,0,0.894478422963662,0.826,0.471,0,0.107350536246577,0
CD74,0.110278933191111,-0.478878203115971,1,0.953,1,0,0.628332243398562,0.999,0.866,0,0.110278933191111,0
