,healthy_p_val,healthy_avg_log2FC,healthy_pct.1,healthy_pct.2,healthy_p_val_adj,tumor_p_val,tumor_avg_log2FC,tumor_pct.1,tumor_pct.2,tumor_p_val_adj,max_pval,minimump_p_val
GSN,1.00320268629963e-21,0.607980117432004,0.879,0.632,1.40909849317646e-17,1.22939882183876e-233,0.715405642028986,0.974,0.852,1.72681358515472e-229,1.00320268629963e-21,2.45879764367742e-233
AQP1,8.36756297644078e-05,0.256217221212534,0.836,0.703,1,1.09204240686312e-128,0.514789099950462,0.979,0.81,1.53388276467994e-124,8.36756297644078e-05,2.18408481372629e-128
SLC2A3,0.00114226226346513,0.285225276811298,0.665,0.54,1,8.38960039752933e-126,0.5601313255677,0.96,0.822,1.17840327183697e-121,0.00114226226346513,1.67792007950591e-125
SPRY1,4.33048676551588e-18,0.865228010783517,0.658,0.352,6.08260171084361e-14,4.05072583489428e-109,0.704326968949987,0.838,0.64,5.68964950769251e-105,4.33048676551588e-18,8.10145166978855e-109
A2M,6.47519551095523e-14,0.438385112556882,0.854,0.687,9.09505961468772e-10,1.39540759730325e-99,0.33578607812854,0.972,0.926,1.95998951117214e-95,6.47519551095523e-14,2.79081519460648e-99
EMCN,6.99439427924463e-11,0.560951318561056,0.665,0.469,9.82432620462701e-07,2.21663023183401e-93,0.46090180098483,0.912,0.795,3.11347882363405e-89,6.99439427924463e-11,4.43326046366797e-93
