,tumor_p_val,tumor_avg_log2FC,tumor_pct.1,tumor_pct.2,tumor_p_val_adj
CLU,9.94068702846257e-227,-1.45274586148036,0.256,0.548,1.42201527942157e-222
PRCP,6.52412830616468e-223,0.450891554214232,0.945,0.791,9.33276554196857e-219
APLNR,3.6843123055587e-211,0.725280281661417,0.711,0.392,5.27040875310172e-207
CLDN5,2.89649648184609e-205,-0.75712785500806,0.565,0.782,4.14343821728084e-201
TFPI,1.11129978592546e-181,-0.935046111125745,0.36,0.604,1.58971434376637e-177
RAMP3,3.83145620390731e-180,0.423057972742352,0.96,0.777,5.48089809968941e-176
