,healthy_p_val,healthy_avg_log2FC,healthy_pct.1,healthy_pct.2,healthy_p_val_adj,tumor_p_val,tumor_avg_log2FC,tumor_pct.1,tumor_pct.2,tumor_p_val_adj,max_pval,minimump_p_val
ACKR1,2.6847696965602e-46,0.946501536414604,0.993,0.562,3.77102751578846e-42,0,1.2302921008817,0.998,0.489,0,2.6847696965602e-46,0
CCL14,1.31741584870853e-35,0.790679548470447,0.967,0.596,1.850442301096e-31,0,1.49771949105657,0.949,0.365,0,1.31741584870853e-35,0
SELE,1.06847675945535e-25,1.23598734073904,0.556,0.198,1.50078245633099e-21,0,1.02567072146517,0.912,0.471,0,1.06847675945535e-25,0
CCL23,1.25415294475425e-20,1.29963934824987,0.377,0.105,1.76158322620182e-16,0,1.01854290112557,0.37,0.076,0,1.25415294475425e-20,0
HLA-DQA1,8.58324592363963e-17,0.93904368357558,0.54,0.244,1.20560272243442e-12,0,1.42646645149289,0.838,0.228,0,8.58324592363963e-17,0
PODXL,1.1122483201045e-14,-1.31594110632815,0.099,0.328,1.56226399041878e-10,0,-1.19711619704367,0.316,0.704,0,1.1122483201045e-14,0
